{
  "total_products": 1465,
  "total_categories": 211,
  "avg_rating": 4.096584699453552,
  "avg_price": 3125.3108737201364,
  "avg_discount": 47.69146757679181,
  "total_reviews": 26766377
}